type,name,price,calories
bun,sesame bun,1.00,
bun,potato bun,1.20,
bun,glutenfree bun,1.50,
bun,black bun,1.80,
patty,wagyu patty,4.00,
patty,beef patty,3.00,
patty,chicken patty,2.80,
patty,fish patty,3.20,
patty,vegetarian patty,3.40,
cheese,cheddar,0.40,
cheese,provolone,0.60,
cheese,lactosefree cheese,0.70,
cheese,gruyere,0.80,
sauce,ketchup,0.20,
sauce,mayonaise,0.20,
sauce,mustard,0.20,
sauce,tartare,0.20,
vegetable,salad,0.50,
vegetable,tomato,0.80,
vegetable,onion,0.50,
vegetable,pickels,0.80,
vegetable,radish,0.70,